edges,graph_name,method_name,nodes,time
506,_,nx,100,0.1648828
506,_,brandes,100,0.04865230000000001
483,_,nx,100,0.15704020000000002
483,_,brandes,100,0.06296849999999998
530,_,nx,100,0.17089160000000003
530,_,brandes,100,0.04648770000000002
494,_,nx,100,0.1679037
494,_,brandes,100,0.05095849999999991
498,_,nx,100,0.16436589999999995
498,_,brandes,100,0.03031890000000015
480,_,nx,100,0.1573644999999999
480,_,brandes,100,0.028871800000000114
524,_,nx,100,0.16644330000000007
524,_,brandes,100,0.051149200000000006
520,_,nx,100,0.16848620000000003
520,_,brandes,100,0.04201100000000002
487,_,nx,100,0.15692759999999994
487,_,brandes,100,0.04688249999999994
489,_,nx,100,0.16084330000000002
489,_,brandes,100,0.02445750000000002
521,_,nx,100,0.16960119999999979
521,_,brandes,100,0.0703898999999999
500,_,nx,100,0.16115840000000015
500,_,brandes,100,0.049520499999999856
498,_,nx,100,0.16090950000000026
498,_,brandes,100,0.06548799999999977
496,_,nx,100,0.16066409999999998
496,_,brandes,100,0.0509466999999999
499,_,nx,100,0.16214629999999985
499,_,brandes,100,0.058322899999999844
517,_,nx,100,0.16453569999999962
517,_,brandes,100,0.046729999999999716
466,_,nx,100,0.15113390000000004
466,_,brandes,100,0.062369800000000364
494,_,nx,100,0.16347749999999994
494,_,brandes,100,0.06269759999999991
487,_,nx,100,0.1703038999999995
487,_,brandes,100,0.024711100000000208
512,_,nx,100,0.13389510000000016
512,_,brandes,100,0.025128100000000764
488,_,nx,100,0.16325150000000033
488,_,brandes,100,0.024108599999999925
501,_,nx,100,0.16446819999999995
501,_,brandes,100,0.02503220000000006
517,_,nx,100,0.1660346000000006
517,_,brandes,100,0.025954500000000102
509,_,nx,100,0.12638149999999992
509,_,brandes,100,0.028119599999999245
487,_,nx,100,0.1583407999999995
487,_,brandes,100,0.02443720000000038
498,_,nx,100,0.16035299999999975
498,_,brandes,100,0.024252800000000185
511,_,nx,100,0.16060940000000024
511,_,brandes,100,0.025025100000000577
512,_,nx,100,0.16535679999999964
512,_,brandes,100,0.025784200000000368
465,_,nx,100,0.11569049999999947
465,_,brandes,100,0.024615199999999504
497,_,nx,100,0.15976189999999946
497,_,brandes,100,0.026693999999999996
467,_,nx,100,0.1538883000000002
467,_,brandes,100,0.023670099999999472
483,_,nx,100,0.1563099999999995
483,_,brandes,100,0.024136399999999725
506,_,nx,100,0.16338979999999914
506,_,brandes,100,0.02848010000000034
529,_,nx,100,0.17043859999999977
529,_,brandes,100,0.02609230000000018
510,_,nx,100,0.16708560000000006
510,_,brandes,100,0.02880100000000052
508,_,nx,100,0.16570790000000013
508,_,brandes,100,0.02579309999999957
514,_,nx,100,0.1636369000000002
514,_,brandes,100,0.025144199999999728
483,_,nx,100,0.16007709999999964
483,_,brandes,100,0.023968900000000737
508,_,nx,100,0.1480687000000005
508,_,brandes,100,0.02514929999999982
473,_,nx,100,0.15415700000000054
473,_,brandes,100,0.023677600000000965
443,_,nx,100,0.14437509999999953
443,_,brandes,100,0.02321590000000029
495,_,nx,100,0.1740630999999997
495,_,brandes,100,0.024596600000000635
521,_,nx,100,0.13671869999999942
521,_,brandes,100,0.025540499999999966
469,_,nx,100,0.15066629999999925
469,_,brandes,100,0.027705700000000277
497,_,nx,100,0.13184720000000105
497,_,brandes,100,0.024876900000000646
474,_,nx,100,0.16303419999999846
474,_,brandes,100,0.024426899999999918
496,_,nx,100,0.16100139999999996
496,_,brandes,100,0.025823799999999508
488,_,nx,100,0.12917280000000098
488,_,brandes,100,0.02810440000000014
485,_,nx,100,0.12801389999999913
485,_,brandes,100,0.02839239999999954
501,_,nx,100,0.16090189999999893
501,_,brandes,100,0.02490799999999993
509,_,nx,100,0.16382439999999932
509,_,brandes,100,0.025735099999998567
520,_,nx,100,0.17192790000000002
520,_,brandes,100,0.02596040000000066
472,_,nx,100,0.15606299999999962
472,_,brandes,100,0.02354779999999934
483,_,nx,100,0.17135310000000104
483,_,brandes,100,0.024065400000001347
493,_,nx,100,0.1629820999999989
493,_,brandes,100,0.024305599999999927
485,_,nx,100,0.16046539999999965
485,_,brandes,100,0.024824000000000623
448,_,nx,100,0.1439862999999999
448,_,brandes,100,0.0224688000000004
494,_,nx,100,0.12489270000000019
494,_,brandes,100,0.02560629999999975
491,_,nx,100,0.1335430000000013
491,_,brandes,100,0.024114700000000155
483,_,nx,100,0.12188009999999849
483,_,brandes,100,0.02958070000000035
495,_,nx,100,0.13114500000000007
495,_,brandes,100,0.024979799999998775
498,_,nx,100,0.1590904000000002
498,_,brandes,100,0.024739500000000803
498,_,nx,100,0.16013959999999905
498,_,brandes,100,0.02699149999999939
482,_,nx,100,0.14576819999999913
482,_,brandes,100,0.025266700000001308
484,_,nx,100,0.1569395999999994
484,_,brandes,100,0.024103699999999506
481,_,nx,100,0.160954499999999
481,_,brandes,100,0.028365799999999552
498,_,nx,100,0.16054540000000017
498,_,brandes,100,0.02528549999999896
501,_,nx,100,0.16384839999999912
501,_,brandes,100,0.02525259999999996
538,_,nx,100,0.17131769999999946
538,_,brandes,100,0.03224349999999987
486,_,nx,100,0.19570320000000052
486,_,brandes,100,0.02464980000000061
505,_,nx,100,0.16310730000000007
505,_,brandes,100,0.030583800000000494
482,_,nx,100,0.15562249999999977
482,_,brandes,100,0.024130500000000055
479,_,nx,100,0.15392479999999864
479,_,brandes,100,0.02392260000000057
518,_,nx,100,0.16655629999999988
518,_,brandes,100,0.030350600000000227
493,_,nx,100,0.1683576999999996
493,_,brandes,100,0.024485400000001434
502,_,nx,100,0.1635629999999999
502,_,brandes,100,0.02503040000000034
495,_,nx,100,0.1631651999999999
495,_,brandes,100,0.02779309999999846
488,_,nx,100,0.127721600000001
488,_,brandes,100,0.02407260000000022
505,_,nx,100,0.16433120000000123
505,_,brandes,100,0.029649700000000223
493,_,nx,100,0.1601303999999999
493,_,brandes,100,0.024262900000000087
510,_,nx,100,0.1627667000000006
510,_,brandes,100,0.02543239999999969
477,_,nx,100,0.15679299999999863
477,_,brandes,100,0.0247010999999997
504,_,nx,100,0.16151529999999958
504,_,brandes,100,0.025343499999999963
486,_,nx,100,0.158869300000001
486,_,brandes,100,0.024408000000001095
483,_,nx,100,0.1551739000000012
483,_,brandes,100,0.024171100000000223
496,_,nx,100,0.12526170000000292
496,_,brandes,100,0.024432100000002066
488,_,nx,100,0.12187439999999938
488,_,brandes,100,0.0261207999999975
481,_,nx,100,0.15858069999999813
481,_,brandes,100,0.02429350000000241
511,_,nx,100,0.1639166000000003
511,_,brandes,100,0.02632380000000012
495,_,nx,100,0.15824409999999745
495,_,brandes,100,0.024772000000002237
500,_,nx,100,0.16173419999999794
500,_,brandes,100,0.02638860000000065
513,_,nx,100,0.16635309999999848
513,_,brandes,100,0.026278100000002524
492,_,nx,100,0.16586909999999833
492,_,brandes,100,0.024332199999999915
507,_,nx,100,0.16488600000000275
507,_,brandes,100,0.025102000000000402
510,_,nx,100,0.1672671000000001
510,_,brandes,100,0.026824400000002413
471,_,nx,100,0.1542344999999976
471,_,brandes,100,0.02377660000000148
511,_,nx,100,0.16642370000000284
511,_,brandes,100,0.026140099999999222
510,_,nx,100,0.1661009999999976
510,_,brandes,100,0.025516700000000725
499,_,nx,100,0.15924220000000133
499,_,brandes,100,0.02468009999999765
541,_,nx,100,0.18001950000000022
541,_,brandes,100,0.026567000000000007
985,_,nx,200,0.6027716999999981
985,_,brandes,200,0.05926150000000163
988,_,nx,200,0.613105400000002
988,_,brandes,200,0.05959299999999956
1044,_,nx,200,0.6481579000000011
1044,_,brandes,200,0.06408360000000002
1034,_,nx,200,0.636731300000001
1034,_,brandes,200,0.06621159999999904
966,_,nx,200,0.6017632000000006
966,_,brandes,200,0.05875050000000215
965,_,nx,200,0.5993056999999986
965,_,brandes,200,0.06312589999999929
958,_,nx,200,0.5920918999999998
958,_,brandes,200,0.05823459999999869
1018,_,nx,200,0.6296758000000011
1018,_,brandes,200,0.06186790000000286
955,_,nx,200,0.5933905999999993
955,_,brandes,200,0.05856019999999873
1023,_,nx,200,0.6388913000000009
1023,_,brandes,200,0.06231040000000121
985,_,nx,200,0.6331625999999986
985,_,brandes,200,0.05988779999999849
1008,_,nx,200,0.6185494000000027
1008,_,brandes,200,0.061387499999998596
1031,_,nx,200,0.6394308999999971
1031,_,brandes,200,0.06219109999999972
999,_,nx,200,0.6163086
999,_,brandes,200,0.060513700000001336
1003,_,nx,200,0.6198501000000007
1003,_,brandes,200,0.06327840000000151
976,_,nx,200,0.6009807999999985
976,_,brandes,200,0.060838800000002635
994,_,nx,200,0.6147939999999998
994,_,brandes,200,0.06122729999999876
986,_,nx,200,0.6060720999999987
986,_,brandes,200,0.05969380000000157
1007,_,nx,200,0.6304147000000029
1007,_,brandes,200,0.06141320000000405
979,_,nx,200,0.6041972999999956
979,_,brandes,200,0.06339810000000057
991,_,nx,200,0.623930399999999
991,_,brandes,200,0.06031799999999521
960,_,nx,200,0.5968333999999942
960,_,brandes,200,0.058514100000003566
1000,_,nx,200,0.6209971000000039
1000,_,brandes,200,0.06207960000000412
994,_,nx,200,0.625627999999999
994,_,brandes,200,0.06489239999999796
1027,_,nx,200,0.6423415000000006
1027,_,brandes,200,0.11296039999999863
983,_,nx,200,0.6157374000000004
983,_,brandes,200,0.06333219999999784
1015,_,nx,200,0.6216307999999984
1015,_,brandes,200,0.061753000000003055
978,_,nx,200,0.6025477000000024
978,_,brandes,200,0.0597840000000005
1048,_,nx,200,0.6505748000000011
1048,_,brandes,200,0.06584159999999883
971,_,nx,200,0.6152812999999995
971,_,brandes,200,0.060360699999996825
1033,_,nx,200,0.6447203999999971
1033,_,brandes,200,0.0673134000000033
1064,_,nx,200,0.6498027000000022
1064,_,brandes,200,0.06505620000000079
994,_,nx,200,0.6173384000000013
994,_,brandes,200,0.06384399999999602
953,_,nx,200,0.5908626999999953
953,_,brandes,200,0.06115710000000263
989,_,nx,200,0.6198374999999956
989,_,brandes,200,0.06330950000000257
1002,_,nx,200,0.6245663999999991
1002,_,brandes,200,0.06489519999999516
1019,_,nx,200,0.6320380000000014
1019,_,brandes,200,0.062293500000002666
990,_,nx,200,0.6126204000000044
990,_,brandes,200,0.06044620000000123
993,_,nx,200,0.618347700000001
993,_,brandes,200,0.0603108999999975
1052,_,nx,200,0.6531110000000027
1052,_,brandes,200,0.06514589999999743
976,_,nx,200,0.603666699999998
976,_,brandes,200,0.059014400000002354
1062,_,nx,200,0.663906499999996
1062,_,brandes,200,0.06559519999999708
1038,_,nx,200,0.6414276000000001
1038,_,brandes,200,0.06720370000000031
983,_,nx,200,0.6165804999999978
983,_,brandes,200,0.06466819999999984
1037,_,nx,200,0.6377977000000001
1037,_,brandes,200,0.0631467999999984
973,_,nx,200,0.6161621000000039
973,_,brandes,200,0.06004430000000127
964,_,nx,200,0.6085459000000029
964,_,brandes,200,0.06060390000000382
1048,_,nx,200,0.6516113000000061
1048,_,brandes,200,0.06342519999999752
988,_,nx,200,0.6150328999999957
988,_,brandes,200,0.06149830000000378
1046,_,nx,200,0.649823099999999
1046,_,brandes,200,0.063928599999997
961,_,nx,200,0.5964595999999958
961,_,brandes,200,0.05823469999999986
1013,_,nx,200,0.6342501000000027
1013,_,brandes,200,0.06206070000000352
995,_,nx,200,0.617988699999998
995,_,brandes,200,0.06555009999999584
1011,_,nx,200,0.6295900999999944
1011,_,brandes,200,0.0610816000000014
1025,_,nx,200,0.6357472999999985
1025,_,brandes,200,0.06197189999999608
1043,_,nx,200,0.6521839000000043
1043,_,brandes,200,0.06677799999999934
952,_,nx,200,0.6069141999999985
952,_,brandes,200,0.23222270000000123
1029,_,nx,200,0.6853756000000004
1029,_,brandes,200,0.07270919999999848
1012,_,nx,200,0.629472100000001
1012,_,brandes,200,0.06257980000000174
960,_,nx,200,0.5937973999999997
960,_,brandes,200,0.058606900000000905
978,_,nx,200,0.6040212999999994
978,_,brandes,200,0.05933350000000104
1028,_,nx,200,0.6461053000000021
1028,_,brandes,200,0.06310300000000524
989,_,nx,200,0.6156079999999946
989,_,brandes,200,0.0641721000000004
967,_,nx,200,0.5987560000000016
967,_,brandes,200,0.05950350000000526
951,_,nx,200,0.5819408000000053
951,_,brandes,200,0.05809390000000292
1008,_,nx,200,0.6231908999999973
1008,_,brandes,200,0.0610214999999954
1005,_,nx,200,0.6348851999999994
1005,_,brandes,200,0.06103179999999497
986,_,nx,200,0.6129186000000004
986,_,brandes,200,0.05949019999999905
964,_,nx,200,0.5916638000000063
964,_,brandes,200,0.06134949999999151
956,_,nx,200,0.5908450000000016
956,_,brandes,200,0.05775549999999896
978,_,nx,200,0.6040519999999958
978,_,brandes,200,0.06031609999999432
970,_,nx,200,0.6007146999999975
970,_,brandes,200,0.06273339999999905
962,_,nx,200,0.6219228000000072
962,_,brandes,200,0.05995579999999734
955,_,nx,200,0.5917699999999968
955,_,brandes,200,0.058309999999991646
1032,_,nx,200,0.6364468999999957
1032,_,brandes,200,0.062227800000002276
1006,_,nx,200,0.6156385999999969
1006,_,brandes,200,0.06805479999999875
1048,_,nx,200,0.6495638000000099
1048,_,brandes,200,0.0691003999999964
1016,_,nx,200,0.6255983000000072
1016,_,brandes,200,0.0629797999999937
991,_,nx,200,0.6125751000000008
991,_,brandes,200,0.061197700000008126
974,_,nx,200,0.6029662000000116
974,_,brandes,200,0.06576249999999106
1016,_,nx,200,0.6360335000000106
1016,_,brandes,200,0.061599700000002144
1039,_,nx,200,0.6446202999999997
1039,_,brandes,200,0.07105450000000246
1011,_,nx,200,0.6261223999999999
1011,_,brandes,200,0.062032599999994886
992,_,nx,200,0.6192814000000055
992,_,brandes,200,0.06021640000000161
935,_,nx,200,0.5827687999999966
935,_,brandes,200,0.058387600000003204
1034,_,nx,200,0.6332265000000064
1034,_,brandes,200,0.06239949999999794
956,_,nx,200,0.6622775999999959
956,_,brandes,200,0.05820660000000544
1019,_,nx,200,0.6366179000000045
1019,_,brandes,200,0.06540979999999763
1034,_,nx,200,0.6401997000000108
1034,_,brandes,200,0.06313009999999508
951,_,nx,200,0.5969872000000009
951,_,brandes,200,0.06311360000000832
999,_,nx,200,0.6134242999999913
999,_,brandes,200,0.11161389999999471
1011,_,nx,200,0.622378800000007
1011,_,brandes,200,0.06811000000000433
1038,_,nx,200,0.6420651999999905
1038,_,brandes,200,0.06382109999999841
979,_,nx,200,0.6104097000000053
979,_,brandes,200,0.059455899999989015
1023,_,nx,200,0.6357844000000057
1023,_,brandes,200,0.06598599999999522
1004,_,nx,200,0.6438346999999993
1004,_,brandes,200,0.06228959999999972
1063,_,nx,200,0.6537813999999997
1063,_,brandes,200,0.06580350000000124
1017,_,nx,200,0.6375321000000014
1017,_,brandes,200,0.06328249999999969
990,_,nx,200,0.6341759999999965
990,_,brandes,200,0.05999079999999424
1032,_,nx,200,0.6421241000000038
1032,_,brandes,200,0.0621890000000036
1480,_,nx,300,1.3006023999999883
1480,_,brandes,300,0.10652859999999009
1522,_,nx,300,1.3175466
1522,_,brandes,300,0.11174739999999872
1467,_,nx,300,1.2803940000000011
1467,_,brandes,300,0.1047709999999995
1511,_,nx,300,1.326461100000003
1511,_,brandes,300,0.10944939999998837
1552,_,nx,300,1.3508163000000053
1552,_,brandes,300,0.10997989999999902
1480,_,nx,300,1.2915931999999941
1480,_,brandes,300,0.1112991999999906
1598,_,nx,300,1.384883699999989
1598,_,brandes,300,0.11173060000000135
1481,_,nx,300,1.2724666999999954
1481,_,brandes,300,0.1038340000000062
1474,_,nx,300,1.2749578999999898
1474,_,brandes,300,0.10585460000000069
1531,_,nx,300,1.3279134
1531,_,brandes,300,0.10831300000000965
1445,_,nx,300,1.3057555000000036
1445,_,brandes,300,0.10453869999999199
1527,_,nx,300,1.3397509999999926
1527,_,brandes,300,0.10832630000000165
1488,_,nx,300,1.2732214999999911
1488,_,brandes,300,0.10977560000000608
1540,_,nx,300,1.3301165999999967
1540,_,brandes,300,0.11073509999999942
1479,_,nx,300,1.298015399999997
1479,_,brandes,300,0.10377409999999543
1453,_,nx,300,1.264244000000005
1453,_,brandes,300,0.10247150000000715
1488,_,nx,300,1.2847871000000026
1488,_,brandes,300,0.10829209999999989
1393,_,nx,300,1.1992521000000096
1393,_,brandes,300,0.0988433999999927
1452,_,nx,300,1.2555553000000117
1452,_,brandes,300,0.10220890000000793
1494,_,nx,300,1.287752299999994
1494,_,brandes,300,0.10897900000000504
1471,_,nx,300,1.291435100000001
1471,_,brandes,300,0.5186776000000037
1553,_,nx,300,1.3308813000000015
1553,_,brandes,300,0.1104758999999973
1507,_,nx,300,1.298681099999996
1507,_,brandes,300,0.11059910000000173
1587,_,nx,300,1.3708242999999953
1587,_,brandes,300,0.11169470000000103
1516,_,nx,300,1.3176758999999976
1516,_,brandes,300,0.10644100000000378
1457,_,nx,300,1.2508902999999947
1457,_,brandes,300,0.1038470000000018
1507,_,nx,300,1.3253460999999902
1507,_,brandes,300,0.1109836000000115
1469,_,nx,300,1.2621737999999993
1469,_,brandes,300,0.10442650000001663
1503,_,nx,300,1.3047254000000237
1503,_,brandes,300,0.1063321999999971
1480,_,nx,300,1.287259000000006
1480,_,brandes,300,0.10785129999999299
1489,_,nx,300,1.2811445000000106
1489,_,brandes,300,0.10896809999999846
1504,_,nx,300,1.3107111999999859
1504,_,brandes,300,0.10622390000000337
1496,_,nx,300,1.2977202000000148
1496,_,brandes,300,0.10556040000000166
1476,_,nx,300,1.2800291999999729
1476,_,brandes,300,0.10750640000000544
1508,_,nx,300,1.3114948999999854
1508,_,brandes,300,0.11009760000001734
1427,_,nx,300,1.2333799999999826
1427,_,brandes,300,0.10080379999999423
1509,_,nx,300,1.3054425999999921
1509,_,brandes,300,0.10995499999998515
1453,_,nx,300,1.2641399999999976
1453,_,brandes,300,0.10177629999998317
1485,_,nx,300,1.2761892000000046
1485,_,brandes,300,0.10785530000001131
1495,_,nx,300,1.3115489999999852
1495,_,brandes,300,0.1143493999999805
1516,_,nx,300,1.2910864000000117
1516,_,brandes,300,0.10802359999999567
1566,_,nx,300,1.4107629000000088
1566,_,brandes,300,0.10995139999999992
1545,_,nx,300,1.3200847999999894
1545,_,brandes,300,0.12137289999998302
1459,_,nx,300,1.2710711999999944
1459,_,brandes,300,0.10994049999999334
1507,_,nx,300,1.3001238999999885
1507,_,brandes,300,0.10889789999998811
1526,_,nx,300,1.3133110999999928
1526,_,brandes,300,0.1101423000000068
1500,_,nx,300,1.3000589000000105
1500,_,brandes,300,0.1097032999999783
1506,_,nx,300,1.298281000000003
1506,_,brandes,300,0.10498820000000819
1539,_,nx,300,1.3499070000000017
1539,_,brandes,300,0.11168729999999982
1484,_,nx,300,1.2843727000000058
1484,_,brandes,300,0.10889610000000971
1506,_,nx,300,1.3001720000000034
1506,_,brandes,300,0.10767989999999372
1479,_,nx,300,1.2823968999999806
1479,_,brandes,300,0.102305599999994
1474,_,nx,300,1.2886280999999826
1474,_,brandes,300,0.10834019999998645
1504,_,nx,300,1.3093800000000044
1504,_,brandes,300,0.1044227999999805
1430,_,nx,300,1.2514044000000126
1430,_,brandes,300,0.10204970000000912
1510,_,nx,300,1.3300291000000186
1510,_,brandes,300,0.11192170000001056
1511,_,nx,300,1.3766135999999847
1511,_,brandes,300,0.10827349999999569
1464,_,nx,300,1.2825944999999876
1464,_,brandes,300,0.10600070000000983
1447,_,nx,300,1.254660599999994
1447,_,brandes,300,0.11118609999999762
1520,_,nx,300,1.3405175999999983
1520,_,brandes,300,0.11306409999997413
1484,_,nx,300,1.300905499999999
1484,_,brandes,300,0.10537690000001021
1449,_,nx,300,1.259204600000004
1449,_,brandes,300,0.10517060000000811
1409,_,nx,300,1.2289279999999962
1409,_,brandes,300,0.10509159999998019
1501,_,nx,300,1.3659317000000044
1501,_,brandes,300,0.10409889999999677
1526,_,nx,300,1.3215782999999988
1526,_,brandes,300,0.10874269999999342
1541,_,nx,300,1.3272866000000079
1541,_,brandes,300,0.11031439999999293
1456,_,nx,300,1.2629439000000104
1456,_,brandes,300,0.10057790000001887
1506,_,nx,300,1.299275200000011
1506,_,brandes,300,0.1054369999999949
1505,_,nx,300,1.3029847999999902
1505,_,brandes,300,0.10593329999997536
1446,_,nx,300,1.2562394999999924
1446,_,brandes,300,0.10164860000000431
1447,_,nx,300,1.2434202999999968
1447,_,brandes,300,0.10349029999997583
1486,_,nx,300,1.2906574000000148
1486,_,brandes,300,0.10432109999999284
1498,_,nx,300,1.309158300000007
1498,_,brandes,300,0.10751820000001544
1508,_,nx,300,1.35244449999999
1508,_,brandes,300,0.10562540000000809
1492,_,nx,300,1.2867908000000057
1492,_,brandes,300,0.11455349999999953
1478,_,nx,300,1.2998408999999924
1478,_,brandes,300,0.11036609999999314
1467,_,nx,300,1.2586948999999947
1467,_,brandes,300,0.10221659999999133
1478,_,nx,300,1.2669048000000203
1478,_,brandes,300,0.10269400000001383
1509,_,nx,300,1.4554234999999949
1509,_,brandes,300,0.12598479999999768
1521,_,nx,300,1.3624868999999933
1521,_,brandes,300,0.10764640000002146
1528,_,nx,300,1.3336524999999995
1528,_,brandes,300,0.10965149999998403
1486,_,nx,300,1.2848024999999836
1486,_,brandes,300,0.10786209999997709
1519,_,nx,300,1.315713599999981
1519,_,brandes,300,0.10502260000001229
1511,_,nx,300,1.3214573999999857
1511,_,brandes,300,0.10757380000001149
1450,_,nx,300,1.2662119000000018
1450,_,brandes,300,0.10088630000001331
1497,_,nx,300,1.342264699999987
1497,_,brandes,300,0.10911089999999035
1507,_,nx,300,1.2901722999999947
1507,_,brandes,300,0.10491239999998925
1492,_,nx,300,1.2888314999999864
1492,_,brandes,300,0.10396560000000932
1480,_,nx,300,1.2890998999999965
1480,_,brandes,300,0.10264029999999025
1534,_,nx,300,1.316379100000006
1534,_,brandes,300,0.10817579999999793
1481,_,nx,300,1.2775670999999988
1481,_,brandes,300,0.10888969999999176
1491,_,nx,300,1.3081220999999914
1491,_,brandes,300,0.10412800000000288
1496,_,nx,300,1.3294860000000028
1496,_,brandes,300,0.10486279999997805
1471,_,nx,300,1.2888030000000015
1471,_,brandes,300,0.1025637000000188
1515,_,nx,300,1.3040306000000044
1515,_,brandes,300,0.10473780000000943
1441,_,nx,300,1.2367828999999801
1441,_,brandes,300,0.09905069999999228
1473,_,nx,300,1.2624094999999897
1473,_,brandes,300,0.10699590000001535
1478,_,nx,300,1.2931222999999932
1478,_,brandes,300,0.10334050000000161
1488,_,nx,300,1.3347407999999916
1488,_,brandes,300,0.10619310000001292
1477,_,nx,300,1.2901958999999863
1477,_,brandes,300,0.10461519999998359
1979,_,nx,400,2.239796800000022
1979,_,brandes,400,0.1590227000000084
1988,_,nx,400,2.2430136999999775
1988,_,brandes,400,0.15707760000000803
1987,_,nx,400,2.2504699999999787
1987,_,brandes,400,0.2123724000000209
1946,_,nx,400,2.4071037999999874
1946,_,brandes,400,0.15639179999999442
2014,_,nx,400,2.2875224000000003
2014,_,brandes,400,0.1601174000000185
1935,_,nx,400,2.188834700000001
1935,_,brandes,400,0.1644231000000218
2018,_,nx,400,2.2592903000000035
2018,_,brandes,400,0.16411070000000905
1949,_,nx,400,2.208115399999997
1949,_,brandes,400,0.15991710000000126
2021,_,nx,400,2.271869800000019
2021,_,brandes,400,0.16682660000000737
2084,_,nx,400,2.3474894000000006
2084,_,brandes,400,0.16929960000004485
1926,_,nx,400,2.172130700000025
1926,_,brandes,400,0.15819709999999532
2010,_,nx,400,2.260112900000024
2010,_,brandes,400,0.15950480000003608
2047,_,nx,400,2.3034761999999773
2047,_,brandes,400,0.16329689999997754
1972,_,nx,400,2.2243912999999793
1972,_,brandes,400,0.16066560000001573
1970,_,nx,400,2.2872289000000023
1970,_,brandes,400,0.16043619999999237
1993,_,nx,400,2.2598092000000065
1993,_,brandes,400,0.15817620000001398
2029,_,nx,400,2.2849865000000023
2029,_,brandes,400,0.16568300000000136
2118,_,nx,400,2.3749329999999986
2118,_,brandes,400,0.17710900000002994
2041,_,nx,400,2.348378099999991
2041,_,brandes,400,0.16456790000000865
1988,_,nx,400,2.2238616000000206
1988,_,brandes,400,0.1592095000000313
2048,_,nx,400,2.3144048999999995
2048,_,brandes,400,0.16331030000003466
1929,_,nx,400,2.1782695999999646
1929,_,brandes,400,0.1559561000000258
1924,_,nx,400,2.169722399999955
1924,_,brandes,400,0.15329189999999926
2083,_,nx,400,2.442359100000033
2083,_,brandes,400,0.17265199999997094
1938,_,nx,400,2.190950600000008
1938,_,brandes,400,0.15484000000003562
1924,_,nx,400,2.1688446999999655
1924,_,brandes,400,0.15579069999995454
2030,_,nx,400,2.298842000000036
2030,_,brandes,400,0.16256429999998545
1978,_,nx,400,2.2463611000000014
1978,_,brandes,400,0.15906350000000202
1955,_,nx,400,2.20617569999996
1955,_,brandes,400,0.16240859999999202
1987,_,nx,400,2.2366967000000386
1987,_,brandes,400,0.16229820000000927
1936,_,nx,400,2.182145300000002
1936,_,brandes,400,0.155786599999999
2024,_,nx,400,2.2676554999999894
2024,_,brandes,400,0.1609305000000063
1971,_,nx,400,2.278075900000033
1971,_,brandes,400,0.16723489999998264
2018,_,nx,400,2.2637485000000197
2018,_,brandes,400,0.16086690000003045
2058,_,nx,400,2.3248712000000182
2058,_,brandes,400,0.16528059999996003
2049,_,nx,399,2.3012448000000063
2049,_,brandes,399,0.16806909999996833
1932,_,nx,400,2.1578964999999926
1932,_,brandes,400,0.15333939999999302
1940,_,nx,400,2.196026399999994
1940,_,brandes,400,0.15920869999996512
2092,_,nx,400,2.359400100000016
2092,_,brandes,400,0.17308969999999135
2018,_,nx,400,2.2738530999999966
2018,_,brandes,400,0.1633839000000421
1949,_,nx,400,2.215831900000012
1949,_,brandes,400,0.15511150000003227
2043,_,nx,400,2.2973832999999786
2043,_,brandes,400,0.17080669999995735
1942,_,nx,400,2.2469990000000166
1942,_,brandes,400,0.1589228999999932
1950,_,nx,400,2.219570699999963
1950,_,brandes,400,0.1549673000000098
1992,_,nx,400,2.233417099999997
1992,_,brandes,400,0.1612228999999843
1934,_,nx,400,2.1897493000000168
1934,_,brandes,400,0.15670210000001816
1929,_,nx,400,2.1942895999999905
1929,_,brandes,400,0.1661344999999983
2087,_,nx,400,2.3795241999999917
2087,_,brandes,400,0.16872449999999617
2006,_,nx,400,2.2936604000000216
2006,_,brandes,400,0.1623500999999692
1980,_,nx,400,2.233798400000012
1980,_,brandes,400,0.15870599999999513
1981,_,nx,400,2.2345333000000096
1981,_,brandes,400,0.1608090999999945
2004,_,nx,400,2.2856447000000344
2004,_,brandes,400,0.3036049000000389
2027,_,nx,400,2.2772266999999715
2027,_,brandes,400,0.21484529999997903
1925,_,nx,400,2.1958119999999894
1925,_,brandes,400,0.15966299999996636
2022,_,nx,400,2.2876926999999796
2022,_,brandes,400,0.16118519999997716
2062,_,nx,400,2.32259700000003
2062,_,brandes,400,0.16418350000003556
2036,_,nx,400,2.2831860000000006
2036,_,brandes,400,0.1754983000000152
1963,_,nx,400,2.218546099999969
1963,_,brandes,400,0.15775519999999688
2009,_,nx,400,2.264009699999974
2009,_,brandes,400,0.16277719999999363
1947,_,nx,400,2.17447020000003
1947,_,brandes,400,0.15686199999998962
2006,_,nx,400,2.2532362000000035
2006,_,brandes,400,0.16431449999998904
2019,_,nx,400,2.345074699999998
2019,_,brandes,400,0.16391920000000937
1984,_,nx,400,2.2325963000000115
1984,_,brandes,400,0.15858359999998584
1996,_,nx,400,2.3018916999999988
1996,_,brandes,400,0.15904860000000554
2059,_,nx,400,2.3443527000000017
2059,_,brandes,400,0.16942649999998594
2059,_,nx,400,2.3084104999999795
2059,_,brandes,400,0.16429180000000088
2002,_,nx,400,2.2509922000000415
2002,_,brandes,400,0.15936329999999543
2012,_,nx,400,2.2757451999999603
2012,_,brandes,400,0.16929569999996374
2061,_,nx,400,2.316837499999963
2061,_,brandes,400,0.1615312000000131
1972,_,nx,400,2.2213412000000403
1972,_,brandes,400,0.15637040000001434
2000,_,nx,400,2.2590149999999767
2000,_,brandes,400,0.167951300000027
1935,_,nx,400,2.1892789000000334
1935,_,brandes,400,0.20865220000001727
2007,_,nx,400,2.2734004999999797
2007,_,brandes,400,0.15935609999996814
1980,_,nx,400,2.241786100000013
1980,_,brandes,400,0.16350199999999404
1974,_,nx,400,2.2262124000000085
1974,_,brandes,400,0.16045120000001134
1972,_,nx,400,2.230324200000041
1972,_,brandes,400,0.16067050000003746
2058,_,nx,400,2.326697999999965
2058,_,brandes,400,0.16516999999998916
2004,_,nx,400,2.279307700000004
2004,_,brandes,400,0.16453529999995453
2052,_,nx,400,2.316179200000022
2052,_,brandes,400,0.16590730000001486
1946,_,nx,400,2.1960454000000027
1946,_,brandes,400,0.16076090000001386
2018,_,nx,400,2.272094299999992
2018,_,brandes,400,0.16515319999996336
2044,_,nx,400,2.308383499999991
2044,_,brandes,400,0.16217069999999012
1984,_,nx,400,2.2993311000000176
1984,_,brandes,400,0.15901349999995773
1966,_,nx,400,2.2234564999999975
1966,_,brandes,400,0.1583084000000099
1991,_,nx,400,2.234726300000034
1991,_,brandes,400,0.15980169999994587
1993,_,nx,400,2.2438596000000075
1993,_,brandes,400,0.15892159999998512
2012,_,nx,400,2.2486923999999817
2012,_,brandes,400,0.16808900000000904
2074,_,nx,400,2.3503603999999996
2074,_,brandes,400,0.1662681000000248
2024,_,nx,400,2.284030400000006
2024,_,brandes,400,0.16378249999996797
1991,_,nx,400,2.2241715000000113
1991,_,brandes,400,0.16244839999995975
1988,_,nx,400,2.2362342000000126
1988,_,brandes,400,0.15754470000001675
1967,_,nx,400,2.204116899999974
1967,_,brandes,400,0.15554850000000897
2029,_,nx,400,2.3374639000000457
2029,_,brandes,400,0.1680029999999988
1931,_,nx,400,2.2020952999999963
1931,_,brandes,400,0.15720590000000811
1982,_,nx,400,2.2356161999999813
1982,_,brandes,400,0.16344529999997803
2032,_,nx,400,2.2888359999999466
2032,_,brandes,400,0.1612831000000483
2017,_,nx,400,2.2566562999999746
2017,_,brandes,400,0.163571099999956
2090,_,nx,400,2.3581775000000107
2090,_,brandes,400,0.1680029999999988
2004,_,nx,400,2.2418723000000114
2004,_,brandes,400,0.1593003000000408
2029,_,nx,400,2.296967400000028
2029,_,brandes,400,0.21151330000003554
2474,_,nx,500,3.4894309999999678
2474,_,brandes,500,0.22917239999998174
2555,_,nx,500,3.5917575000000284
2555,_,brandes,500,0.23473780000000488
2477,_,nx,500,3.5030810000000088
2477,_,brandes,500,0.22671439999999166
2537,_,nx,500,3.562288100000046
2537,_,brandes,500,0.23452839999998787
2532,_,nx,500,3.553046800000004
2532,_,brandes,500,0.23113379999995232
2575,_,nx,500,3.620347700000025
2575,_,brandes,500,0.24387659999996458
2540,_,nx,500,3.5489900000000034
2540,_,brandes,500,0.28559300000000576
2526,_,nx,500,3.5660927999999785
2526,_,brandes,500,0.23038730000001806
2558,_,nx,500,3.620591900000022
2558,_,brandes,500,0.23573050000004514
2486,_,nx,500,3.4995625000000246
2486,_,brandes,500,0.2311617999999953
2552,_,nx,500,3.598445999999967
2552,_,brandes,500,0.23169749999999567
2474,_,nx,500,3.4960733000000346
2474,_,brandes,500,0.2267555999999331
2479,_,nx,500,3.4768571000000748
2479,_,brandes,500,0.22425859999998465
2431,_,nx,500,3.4683436999999913
2431,_,brandes,500,0.2240166000000272
2448,_,nx,500,3.4532703999999512
2448,_,brandes,500,0.22413700000004155
2398,_,nx,500,3.390096299999982
2398,_,brandes,500,0.21934630000009747
2557,_,nx,499,3.603328499999975
2557,_,brandes,499,0.23382570000001124
2545,_,nx,500,3.5842828999999483
2545,_,brandes,500,0.2317003000000568
2413,_,nx,500,3.3545804000000317
2413,_,brandes,500,0.2243325999999115
2465,_,nx,500,3.476735299999973
2465,_,brandes,500,0.22806630000002315
2473,_,nx,500,3.4825106000000687
2473,_,brandes,500,0.2793897000000243
2456,_,nx,500,3.4653330000001006
2456,_,brandes,500,0.22383789999992132
2520,_,nx,500,3.5465272999999797
2520,_,brandes,500,0.23800619999997252
2493,_,nx,500,3.5250912999999855
2493,_,brandes,500,0.2275684999999612
2420,_,nx,500,3.406612599999903
2420,_,brandes,500,0.22575290000008863
2439,_,nx,500,3.4256440999999995
2439,_,brandes,500,0.21973979999995663
2535,_,nx,500,3.565086899999983
2535,_,brandes,500,0.23514460000001236
2632,_,nx,500,3.698833699999909
2632,_,brandes,500,0.24393699999995988
2435,_,nx,500,3.4014900999999327
2435,_,brandes,500,0.22567789999993693
2525,_,nx,500,3.6168175999999903
2525,_,brandes,500,0.23030710000000454
2435,_,nx,500,3.4561165000000074
2435,_,brandes,500,0.22653509999997823
2501,_,nx,500,3.673883299999943
2501,_,brandes,500,0.22599339999999302
2666,_,nx,500,3.7731119000000035
2666,_,brandes,500,0.24486260000003313
2464,_,nx,500,3.4565906999999925
2464,_,brandes,500,0.22637520000000677
2427,_,nx,500,3.3993445999999494
2427,_,brandes,500,0.22215370000003531
2402,_,nx,500,3.3552766999999903
2402,_,brandes,500,0.218708099999958
2478,_,nx,500,3.5420960999999807
2478,_,brandes,500,0.2262322999999924
2490,_,nx,500,3.5106132999999318
2490,_,brandes,500,0.2249651999999287
2481,_,nx,500,3.492547800000011
2481,_,brandes,500,0.22726909999994405
2520,_,nx,500,3.569968000000017
2520,_,brandes,500,0.2276397000000543
2459,_,nx,500,3.4625217999999904
2459,_,brandes,500,0.23052070000005642
2478,_,nx,500,3.4760875000000624
2478,_,brandes,500,0.2298888000000261
2480,_,nx,500,3.509248399999933
2480,_,brandes,500,0.22628609999992477
2438,_,nx,500,3.422990299999924
2438,_,brandes,500,0.2194349000000102
2517,_,nx,500,3.537742499999922
2517,_,brandes,500,0.227489300000002
2532,_,nx,500,3.5627187999999705
2532,_,brandes,500,0.23880699999995159
2477,_,nx,500,3.495752500000094
2477,_,brandes,500,0.22497999999995955
2472,_,nx,500,3.5132839999999987
2472,_,brandes,500,0.22867980000000898
2464,_,nx,500,3.490599599999996
2464,_,brandes,500,0.22444880000000467
2529,_,nx,500,3.5240479999999934
2529,_,brandes,500,0.23199369999997543
2554,_,nx,500,3.6388342000000193
2554,_,brandes,500,0.2347115999999687
2485,_,nx,500,3.512646299999915
2485,_,brandes,500,0.23061029999996663
2590,_,nx,500,3.655631900000003
2590,_,brandes,500,0.234790500000031
2514,_,nx,500,3.6090237999999317
2514,_,brandes,500,0.23605769999994664
2406,_,nx,500,3.4056492999999364
2406,_,brandes,500,0.2186288999999988
2569,_,nx,500,3.6471996999999874
2569,_,brandes,500,0.23672529999998915
2503,_,nx,500,3.5216312000000016
2503,_,brandes,500,0.23203860000000986
2484,_,nx,500,3.5176106999999774
2484,_,brandes,500,0.22531370000001516
2541,_,nx,500,3.6248127000000068
2541,_,brandes,500,0.2333836999999903
2519,_,nx,500,3.5447344000000385
2519,_,brandes,500,0.23085340000000087
2514,_,nx,500,3.5490879000000177
2514,_,brandes,500,0.23043059999997695
2418,_,nx,500,3.4189241000000266
2418,_,brandes,500,0.221961599999986
2615,_,nx,500,3.681834600000002
2615,_,brandes,500,0.24891789999992397
2517,_,nx,500,3.5703309000000445
2517,_,brandes,500,0.3432944999999563
2569,_,nx,500,3.6268027999999504
2569,_,brandes,500,0.23289359999989756
2470,_,nx,500,3.4408353000000034
2470,_,brandes,500,0.22843060000002424
2516,_,nx,500,3.5508638999999675
2516,_,brandes,500,0.22622950000004494
2391,_,nx,500,3.384329800000046
2391,_,brandes,500,0.22657330000004094
2485,_,nx,500,3.5325543000000152
2485,_,brandes,500,0.2274625999999671
2471,_,nx,500,3.4709959999999
2471,_,brandes,500,0.22858589999998458
2552,_,nx,500,3.6023095999998986
2552,_,brandes,500,0.23233649999997397
2403,_,nx,500,3.395121099999983
2403,_,brandes,500,0.22101939999993192
2425,_,nx,500,3.4708480000000463
2425,_,brandes,500,0.22891789999994216
2494,_,nx,500,3.5563855999999987
2494,_,brandes,500,0.22629009999991467
2532,_,nx,500,3.603227699999934
2532,_,brandes,500,0.22980459999996583
2533,_,nx,500,3.567733799999928
2533,_,brandes,500,0.2291390999999976
2467,_,nx,500,3.48864930000002
2467,_,brandes,500,0.2259344000000283
2480,_,nx,500,3.505106699999942
2480,_,brandes,500,0.23410150000006524
2513,_,nx,500,3.5351199000000406
2513,_,brandes,500,0.22471419999999398
2498,_,nx,500,3.578588399999944
2498,_,brandes,500,0.22820790000002944
2454,_,nx,500,3.4518543000000363
2454,_,brandes,500,0.22270109999999477
2551,_,nx,500,3.5894505999999637
2551,_,brandes,500,0.23320940000007795
2372,_,nx,500,3.3399987999999894
2372,_,brandes,500,0.2137819000000718
2424,_,nx,500,3.4476346999999805
2424,_,brandes,500,0.22065410000004704
2527,_,nx,500,3.5733066000000235
2527,_,brandes,500,0.22898720000000594
2412,_,nx,500,3.489405099999999
2412,_,brandes,500,0.21910760000002938
2439,_,nx,500,3.491308600000025
2439,_,brandes,500,0.22006490000001122
2486,_,nx,500,3.502470600000038
2486,_,brandes,500,0.22544910000010532
2526,_,nx,500,3.5502881999999545
2526,_,brandes,500,0.2381114999999454
2542,_,nx,500,3.61830759999998
2542,_,brandes,500,0.23543899999992846
2554,_,nx,500,3.613306800000032
2554,_,brandes,500,0.2366816999999628
2519,_,nx,500,3.5594686000000593
2519,_,brandes,500,0.22862800000007155
2450,_,nx,500,3.4438447999999653
2450,_,brandes,500,0.2230094999999892
2561,_,nx,500,3.608934099999942
2561,_,brandes,500,0.23652179999999134
2545,_,nx,500,3.6590737000000217
2545,_,brandes,500,0.2308528999999453
2509,_,nx,500,3.543664100000001
2509,_,brandes,500,0.23467379999999594
2473,_,nx,500,3.4832024999999476
2473,_,brandes,500,0.2230358999998998
2538,_,nx,499,3.552925099999925
2538,_,brandes,499,0.2367881000000125
2492,_,nx,500,3.5087665999999444
2492,_,brandes,500,0.23288339999999152
2591,_,nx,500,3.6561292000000094
2591,_,brandes,500,0.23546229999999468
2900,_,nx,600,4.97931630000005
2900,_,brandes,600,0.2965006000000585
3004,_,nx,599,5.034425299999953
3004,_,brandes,599,0.31020189999992454
2918,_,nx,600,4.852738000000045
2918,_,brandes,600,0.30237179999994623
3078,_,nx,600,5.189660099999969
3078,_,brandes,600,0.3182483000000502
3039,_,nx,600,5.0730259000000615
3039,_,brandes,600,0.320235700000012
3073,_,nx,600,5.148813700000005
3073,_,brandes,600,0.31206090000000586
2958,_,nx,600,4.970631700000013
2958,_,brandes,600,0.3601905999998962
2887,_,nx,600,4.904220699999996
2887,_,brandes,600,0.5539772000000767
2986,_,nx,600,5.017637400000012
2986,_,brandes,600,0.3082975999999462
2999,_,nx,600,5.02919159999999
2999,_,brandes,600,0.30864359999998214
3001,_,nx,600,5.059672099999943
3001,_,brandes,600,0.3156076000000212
2998,_,nx,600,5.047311899999954
2998,_,brandes,600,0.31400540000004185
3003,_,nx,600,5.128015399999981
3003,_,brandes,600,0.31146560000001955
3005,_,nx,600,5.0836206000000175
3005,_,brandes,600,0.31093670000007023
3035,_,nx,600,5.1094896000000745
3035,_,brandes,600,0.3127146999999013
3008,_,nx,600,5.078731000000062
3008,_,brandes,600,0.3100041999999803
3039,_,nx,600,5.056515399999967
3039,_,brandes,600,0.3105417999998963
2949,_,nx,600,5.06187209999996
2949,_,brandes,600,0.30865049999999883
2970,_,nx,600,4.9886664000000565
2970,_,brandes,600,0.7389769000000115
2976,_,nx,600,5.033440199999973
2976,_,brandes,600,0.30391179999992346
2941,_,nx,600,4.958913400000029
2941,_,brandes,600,0.30261380000001736
3022,_,nx,600,5.067562000000066
3022,_,brandes,600,0.3135773999999856
3138,_,nx,600,5.311233800000082
3138,_,brandes,600,0.32324770000002445
2988,_,nx,600,5.0671418999999105
2988,_,brandes,600,0.3039138000000321
2972,_,nx,600,5.022782099999972
2972,_,brandes,600,0.311721499999976
3068,_,nx,600,5.181156700000088
3068,_,brandes,600,0.3195032999999512
2971,_,nx,600,4.971623199999954
2971,_,brandes,600,0.3027837999999292
2980,_,nx,600,5.009023899999988
2980,_,brandes,600,0.30967759999998634
3038,_,nx,600,5.199238199999968
3038,_,brandes,600,0.3135010000000875
3009,_,nx,600,5.118760899999984
3009,_,brandes,600,0.4652264000000059
3037,_,nx,600,5.129023899999879
3037,_,brandes,600,0.31732629999987694
3074,_,nx,600,5.206267799999978
3074,_,brandes,600,0.3131126000000677
2952,_,nx,600,4.99473409999996
2952,_,brandes,600,0.30964380000000347
3051,_,nx,600,5.114506899999924
3051,_,brandes,600,0.3149748999999247
2951,_,nx,600,4.982357500000035
2951,_,brandes,600,0.3081681999999546
2960,_,nx,600,5.02411149999989
2960,_,brandes,600,0.3090503999999328
2955,_,nx,600,4.978319000000056
2955,_,brandes,600,0.30119250000007014
2960,_,nx,600,4.978563599999916
2960,_,brandes,600,0.3055091999999604
2976,_,nx,600,5.062472200000002
2976,_,brandes,600,0.30532289999996465
2931,_,nx,600,4.978084699999954
2931,_,brandes,600,0.3029272999999648
3012,_,nx,600,5.111298699999907
3012,_,brandes,600,0.854110799999944
3000,_,nx,600,5.051378500000055
3000,_,brandes,600,0.3137467999999899
2928,_,nx,600,4.988051599999835
2928,_,brandes,600,0.2989109999998618
3015,_,nx,600,5.096923699999934
3015,_,brandes,600,0.31350270000007185
3015,_,nx,600,5.085977200000116
3015,_,brandes,600,0.32132769999998345
3032,_,nx,600,5.211457699999983
3032,_,brandes,600,0.3152842000001783
2971,_,nx,600,4.978042999999843
2971,_,brandes,600,0.30516639999996187
2972,_,nx,600,5.0438071999999465
2972,_,brandes,600,0.30540819999987434
3130,_,nx,600,5.323836799999981
3130,_,brandes,600,0.32053029999997307
2968,_,nx,600,4.967157499999985
2968,_,brandes,600,0.3071308000000954
3059,_,nx,600,5.189823199999864
3059,_,brandes,600,0.3138563999998496
2955,_,nx,600,4.956933200000094
2955,_,brandes,600,0.5055836000001364
2989,_,nx,600,5.048539500000061
2989,_,brandes,600,0.30883490000019265
3009,_,nx,600,5.116704700000128
3009,_,brandes,600,0.30917520000002696
2958,_,nx,600,4.943501399999832
2958,_,brandes,600,0.3072255999998106
3090,_,nx,600,5.213234400000147
3090,_,brandes,600,0.33037130000002435
2918,_,nx,600,4.886090899999999
2918,_,brandes,600,0.30070870000008654
2946,_,nx,600,5.041070199999922
2946,_,brandes,600,0.30312670000012076
3027,_,nx,600,5.125822599999992
3027,_,brandes,600,0.31856340000013006
2992,_,nx,600,5.101680699999861
2992,_,brandes,600,0.3143069000000196
3059,_,nx,600,5.202783199999885
3059,_,brandes,600,0.3133402000000842
2989,_,nx,600,5.100780099999838
2989,_,brandes,600,0.3141474000001381
3010,_,nx,600,5.169647700000041
3010,_,brandes,600,0.5032444000000851
2970,_,nx,600,5.04572979999989
2970,_,brandes,600,0.30937459999995554
2955,_,nx,600,5.0294794999999795
2955,_,brandes,600,0.30562760000020717
3056,_,nx,600,5.163385900000094
3056,_,brandes,600,0.3160525000000689
2948,_,nx,600,4.965313300000162
2948,_,brandes,600,0.31925010000009024
3031,_,nx,600,6.040151899999955
3031,_,brandes,600,0.314498500000127
3026,_,nx,600,5.141348899999912
3026,_,brandes,600,0.30909410000003845
3023,_,nx,599,5.075571900000114
3023,_,brandes,599,0.31323360000010325
3059,_,nx,600,5.202510099999927
3059,_,brandes,600,0.3156649000000016
3041,_,nx,599,5.169259499999953
3041,_,brandes,599,0.3202607999999145
3017,_,nx,600,5.053388700000141
3017,_,brandes,600,0.35692760000006274
3013,_,nx,600,5.098973699999988
3013,_,brandes,600,0.31831080000006295
3176,_,nx,600,5.3498354999999265
3176,_,brandes,600,0.3277350999999271
3022,_,nx,600,5.110841200000095
3022,_,brandes,600,0.31978800000001684
2885,_,nx,600,4.902171599999974
2885,_,brandes,600,0.30076590000021497
3011,_,nx,600,5.0943044000000555
3011,_,brandes,600,0.32014249999997446
3040,_,nx,600,5.1967151000001195
3040,_,brandes,600,0.30963850000011917
3057,_,nx,600,5.150827299999946
3057,_,brandes,600,0.31780219999996007
3066,_,nx,600,5.179767699999957
3066,_,brandes,600,0.31457670000008875
2979,_,nx,600,5.084076599999889
2979,_,brandes,600,0.30837689999998474
3044,_,nx,599,5.123182199999974
3044,_,brandes,599,0.31973039999979846
2976,_,nx,600,4.991663900000049
2976,_,brandes,600,0.35246989999996003
3008,_,nx,600,5.150538900000129
3008,_,brandes,600,0.3166914999999335
3095,_,nx,600,5.219583199999988
3095,_,brandes,600,0.3223163000000113
3078,_,nx,600,5.213206099999979
3078,_,brandes,600,0.3251940000000104
2926,_,nx,600,4.953267300000107
2926,_,brandes,600,0.30224020000014207
3031,_,nx,600,5.12629539999989
3031,_,brandes,600,0.3135184999998728
2962,_,nx,600,5.031056699999908
2962,_,brandes,600,0.3052695000001222
2974,_,nx,600,5.019173900000169
2974,_,brandes,600,0.3125196999999389
2924,_,nx,600,4.9438365999999405
2924,_,brandes,600,0.3000019999999495
2983,_,nx,600,5.099180400000023
2983,_,brandes,600,0.31762830000002396
3043,_,nx,600,5.180146400000012
3043,_,brandes,600,0.3171906999998555
2943,_,nx,600,4.948999400000048
2943,_,brandes,600,0.35061510000014096
2911,_,nx,600,4.975284800000054
2911,_,brandes,600,0.3043853000001491
2924,_,nx,600,4.9676968000001125
2924,_,brandes,600,0.3010801000000356
3045,_,nx,600,5.13806139999997
3045,_,brandes,600,0.3134254999999939
3023,_,nx,600,5.1205433000000085
3023,_,brandes,600,0.3072680999998738
3042,_,nx,600,5.141150899999957
3042,_,brandes,600,0.3104826999999659
3497,_,nx,700,7.074912099999892
3497,_,brandes,700,0.4093215999998847
3457,_,nx,700,6.854333499999939
3457,_,brandes,700,0.40103049999993345
3507,_,nx,699,6.962706700000126
3507,_,brandes,699,0.41609280000011495
3490,_,nx,700,6.877612400000089
3490,_,brandes,700,0.40560679999998683
3451,_,nx,698,6.878661100000045
3451,_,brandes,698,0.8609789999998156
3580,_,nx,700,7.133895799999891
3580,_,brandes,700,0.41989620000003924
3371,_,nx,700,6.634387999999944
3371,_,brandes,700,0.39828769999985525
3463,_,nx,700,6.882076299999881
3463,_,brandes,700,0.3982570000000578
3406,_,nx,700,6.758028700000068
3406,_,brandes,700,0.3939821999999822
3528,_,nx,700,6.9633521000000655
3528,_,brandes,700,0.41701320000015585
3436,_,nx,700,6.9255203000000165
3436,_,brandes,700,0.39555190000010043
3558,_,nx,700,7.053898500000059
3558,_,brandes,700,0.41305450000004384
3445,_,nx,700,6.774455400000079
3445,_,brandes,700,0.3994056000001365
3625,_,nx,700,7.181564700000081
3625,_,brandes,700,0.42716170000016973
3539,_,nx,700,6.996250300000156
3539,_,brandes,700,0.4607861000001776
3395,_,nx,700,6.746040799999946
3395,_,brandes,700,0.39370480000002317
3446,_,nx,700,6.844772800000101
3446,_,brandes,700,0.399828399999933
3445,_,nx,700,6.828694099999893
3445,_,brandes,700,0.4073894000000564
3469,_,nx,700,7.029260999999906
3469,_,brandes,700,0.40582610000001296
3474,_,nx,700,6.950950400000011
3474,_,brandes,700,0.41101879999996527
3425,_,nx,700,6.753822499999842
3425,_,brandes,700,0.39533410000012736
3619,_,nx,700,7.241660400000001
3619,_,brandes,700,0.42376850000005106
3437,_,nx,700,6.781835900000033
3437,_,brandes,700,0.39879709999991064
3576,_,nx,700,7.16305269999998
3576,_,brandes,700,0.4155995000000985
3524,_,nx,700,7.019964100000152
3524,_,brandes,700,0.4118717999999717
3370,_,nx,700,6.649245399999927
3370,_,brandes,700,0.3913669999999456
3448,_,nx,700,6.804680099999814
3448,_,brandes,700,0.39941300000009505
3655,_,nx,700,7.334861499999988
3655,_,brandes,700,0.42333860000007917
3480,_,nx,700,6.987565299999915
3480,_,brandes,700,0.4032785000001695
3553,_,nx,700,7.140950900000007
3553,_,brandes,700,0.41649459999985083
3470,_,nx,700,6.82776489999992
3470,_,brandes,700,0.40344379999987723
3402,_,nx,700,6.7444368000001305
3402,_,brandes,700,0.39699389999987034
3418,_,nx,700,6.82185329999993
3418,_,brandes,700,0.40128970000000663
3523,_,nx,700,7.051259600000094
3523,_,brandes,700,0.41213710000010906
3607,_,nx,700,7.188557600000195
3607,_,brandes,700,0.4155943999999181
3494,_,nx,700,6.913216700000021
3494,_,brandes,700,0.40139939999994567
3546,_,nx,700,7.0255308999999215
3546,_,brandes,700,0.46618080000007467
3427,_,nx,700,6.86799209999981
3427,_,brandes,700,0.3945427999999538
3594,_,nx,700,7.1798959000000195
3594,_,brandes,700,0.42059919999996964
3430,_,nx,700,6.793815900000027
3430,_,brandes,700,0.40026320000015403
3497,_,nx,699,7.0043713000000025
3497,_,brandes,699,0.4100731999999425
3521,_,nx,700,7.121797499999957
3521,_,brandes,700,0.407859500000086
3422,_,nx,700,6.863477399999965
3422,_,brandes,700,0.4040935000000445
3548,_,nx,700,7.008653500000037
3548,_,brandes,700,0.4136231999998472
3461,_,nx,700,6.862923900000169
3461,_,brandes,700,0.40436620000014045
3501,_,nx,700,6.991922500000101
3501,_,brandes,700,0.4032715000000735
3494,_,nx,700,6.929460700000163
3494,_,brandes,700,0.40525800000000345
3490,_,nx,700,6.959910499999978
3490,_,brandes,700,0.4043853999999101
3451,_,nx,700,6.807354600000053
3451,_,brandes,700,0.40058990000011363
3481,_,nx,700,6.991244499999993
3481,_,brandes,700,0.40086829999995643
3430,_,nx,700,6.911565200000041
3430,_,brandes,700,0.39690889999997125
3462,_,nx,700,6.8922631000000365
3462,_,brandes,700,0.40037649999999303
3448,_,nx,700,6.833884199999829
3448,_,brandes,700,0.4011974999998529
3464,_,nx,700,6.889429000000064
3464,_,brandes,700,0.40364389999990635
3555,_,nx,700,7.1518102
3555,_,brandes,700,0.4134592000000339
3514,_,nx,700,7.043814999999995
3514,_,brandes,700,0.4135605999999825
3515,_,nx,700,7.006424299999935
3515,_,brandes,700,0.409197899999981
3396,_,nx,700,6.7766886000001705
3396,_,brandes,700,0.3976412000001801
3509,_,nx,700,7.071584099999882
3509,_,brandes,700,0.40975750000006883
3475,_,nx,699,6.895463199999995
3475,_,brandes,699,0.40602110000008906
3380,_,nx,700,6.710772700000007
3380,_,brandes,700,0.3999710000000505
3502,_,nx,700,6.975361199999952
3502,_,brandes,700,0.4087895000000117
3529,_,nx,700,6.975929599999972
3529,_,brandes,700,0.4567657000000054
3413,_,nx,700,6.837037600000031
3413,_,brandes,700,0.3959334000001036
3425,_,nx,700,6.850063999999975
3425,_,brandes,700,0.39568340000005264
3521,_,nx,700,7.000552299999981
3521,_,brandes,700,0.41680129999986093
3522,_,nx,700,6.994621100000131
3522,_,brandes,700,0.40832129999989775
3547,_,nx,700,6.986004699999967
3547,_,brandes,700,0.4658810999999332
3507,_,nx,700,6.971486199999845
3507,_,brandes,700,0.40354279999996834
3531,_,nx,700,7.036647700000003
3531,_,brandes,700,0.40891469999996843
3497,_,nx,700,7.004300499999999
3497,_,brandes,700,0.40944310000008954
3413,_,nx,700,6.672925600000099
3413,_,brandes,700,0.4479968999999073
3550,_,nx,700,7.083981799999947
3550,_,brandes,700,0.41421950000017205
3556,_,nx,700,7.05489509999984
3556,_,brandes,700,0.4206005000000914
3467,_,nx,700,6.90870289999998
3467,_,brandes,700,0.40444810000008147
3473,_,nx,700,6.924255500000072
3473,_,brandes,700,0.45241409999994175
3452,_,nx,700,6.887713400000166
3452,_,brandes,700,0.39764770000010685
3382,_,nx,700,6.7895957999999155
3382,_,brandes,700,0.3950122999999621
3513,_,nx,700,7.041270499999882
3513,_,brandes,700,0.41101789999993343
3602,_,nx,700,7.175638400000025
3602,_,brandes,700,0.43528829999991103
3444,_,nx,700,6.899320700000089
3444,_,brandes,700,0.40707110000016655
3515,_,nx,700,7.005188599999883
3515,_,brandes,700,0.41133560000002944
3521,_,nx,700,7.009973099999797
3521,_,brandes,700,0.4062334000000192
3515,_,nx,700,7.023239899999908
3515,_,brandes,700,0.4109427000000778
3462,_,nx,700,6.956873899999891
3462,_,brandes,700,0.408799899999849
3339,_,nx,700,6.630988399999978
3339,_,brandes,700,0.39735929999983455
3528,_,nx,700,7.077324699999963
3528,_,brandes,700,0.42198979999989206
3516,_,nx,700,6.989100000000235
3516,_,brandes,700,0.40721979999989344
3584,_,nx,700,7.265738600000077
3584,_,brandes,700,0.4184660000000804
3517,_,nx,700,7.022808199999872
3517,_,brandes,700,0.4096248000000742
3528,_,nx,700,7.029855599999792
3528,_,brandes,700,0.4114776000001257
3586,_,nx,700,7.197648100000151
3586,_,brandes,700,0.4164978999997402
3442,_,nx,700,6.842836799999986
3442,_,brandes,700,0.4104127000000517
3457,_,nx,700,6.9313741999999365
3457,_,brandes,700,0.39784099999997125
3460,_,nx,700,6.918058199999905
3460,_,brandes,700,0.40284050000036586
3493,_,nx,700,6.930770699999812
3493,_,brandes,700,0.4093160999996144
3510,_,nx,700,6.973915300000044
3510,_,brandes,700,0.41855020000002696
3383,_,nx,700,6.754690899999787
3383,_,brandes,700,0.4001479000003201
3528,_,nx,700,7.081089599999814
3528,_,brandes,700,0.4084600999999566
3455,_,nx,700,6.878998799999863
3455,_,brandes,700,0.39911019999999553
3995,_,nx,800,9.385630099999617
3995,_,brandes,800,0.5289677999999185
3941,_,nx,800,9.37659050000002
3941,_,brandes,800,0.5151968000000124
3946,_,nx,800,9.284146500000134
3946,_,brandes,800,0.5014349000002767
4033,_,nx,800,9.535561199999847
4033,_,brandes,800,0.5175752999998622
3906,_,nx,800,9.172110900000007
3906,_,brandes,800,0.4990602000002582
3865,_,nx,800,9.216059800000039
3865,_,brandes,800,0.5026762000002236
3981,_,nx,800,9.333345500000178
3981,_,brandes,800,0.5107430000002751
3873,_,nx,800,9.067397299999811
3873,_,brandes,800,0.5063801999999669
4063,_,nx,800,9.53691979999985
4063,_,brandes,800,0.5180186999996295
3984,_,nx,800,9.391160000000127
3984,_,brandes,800,0.5140154000000621
3941,_,nx,800,9.303073600000062
3941,_,brandes,800,0.5100076999997327
3990,_,nx,800,9.354814799999986
3990,_,brandes,800,0.5259963000003154
3949,_,nx,800,9.350206399999934
3949,_,brandes,800,0.5006192000000738
3955,_,nx,800,9.691635300000144
3955,_,brandes,800,0.7748546000002534
4154,_,nx,800,9.821098599999914
4154,_,brandes,800,0.525673099999949
4088,_,nx,800,9.615570299999945
4088,_,brandes,800,0.5231435999999121
4052,_,nx,800,9.721160399999917
4052,_,brandes,800,0.5163507000002028
3967,_,nx,800,9.419224600000234
3967,_,brandes,800,0.5116653999998562
4008,_,nx,800,9.436120099999698
4008,_,brandes,800,0.5199114000001828
3939,_,nx,800,9.201046099999985
3939,_,brandes,800,0.5042208999998365
4004,_,nx,800,9.538824199999908
4004,_,brandes,800,0.509467400000176
3904,_,nx,800,9.238054200000079
3904,_,brandes,800,0.5001531000002615
3919,_,nx,799,9.18933590000006
3919,_,brandes,799,0.5043051000002379
4098,_,nx,800,9.635980600000039
4098,_,brandes,800,0.5261187000000973
3979,_,nx,800,9.473669299999983
3979,_,brandes,800,0.5055004999999255
4007,_,nx,800,9.478909599999952
4007,_,brandes,800,0.5140298999999686
4040,_,nx,800,9.518729599999915
4040,_,brandes,800,0.5241400999998405
3876,_,nx,800,9.128100599999925
3876,_,brandes,800,0.498663100000158
3994,_,nx,800,9.478506400000242
3994,_,brandes,800,0.5151052999999592
4104,_,nx,800,9.683400299999903
4104,_,brandes,800,0.5295470999999452
3917,_,nx,800,9.209640000000036
3917,_,brandes,800,0.5006964999997763
4039,_,nx,800,9.548918299999968
4039,_,brandes,800,0.5217462000000523
3953,_,nx,800,9.369384999999966
3953,_,brandes,800,0.5086564999996881
3993,_,nx,800,9.529950500000268
3993,_,brandes,800,0.5094157000003179
3952,_,nx,800,9.360672199999954
3952,_,brandes,800,0.5052685000000565
4012,_,nx,799,9.43798629999992
4012,_,brandes,799,0.5649665999999343
3993,_,nx,800,9.472773400000278
3993,_,brandes,800,0.511509500000102
3946,_,nx,800,9.373323400000118
3946,_,brandes,800,0.5167047999998431
3990,_,nx,800,9.368849399999817
3990,_,brandes,800,0.5132448999997905
3994,_,nx,800,9.441528700000163
3994,_,brandes,800,0.5180516999998872
3970,_,nx,800,9.446871999999985
3970,_,brandes,800,0.512732799999867
4086,_,nx,800,9.756512599999951
4086,_,brandes,800,0.523273099999642
3987,_,nx,800,9.385208199999852
3987,_,brandes,800,0.5172983999996177
3979,_,nx,800,9.42907379999997
3979,_,brandes,800,0.5665116999998645
4078,_,nx,800,9.618435099999715
4078,_,brandes,800,0.5244155000000319
4108,_,nx,800,9.89243499999975
4108,_,brandes,800,0.5229839999997239
3892,_,nx,800,9.10500729999967
3892,_,brandes,800,0.49597929999981716
3920,_,nx,800,9.289518000000044
3920,_,brandes,800,0.5058407999999872
4057,_,nx,800,9.527522200000021
4057,_,brandes,800,0.5203927000002295
3945,_,nx,800,9.36365539999997
3945,_,brandes,800,0.5058911999999509
4059,_,nx,800,9.652453600000172
4059,_,brandes,800,0.520988799999941
4051,_,nx,800,9.581978300000173
4051,_,brandes,800,0.518174999999701
4040,_,nx,800,9.539408199999798
4040,_,brandes,800,0.5159899999998743
4003,_,nx,799,9.507826699999896
4003,_,brandes,799,0.5217629999997371
3989,_,nx,800,9.518717399999787
3989,_,brandes,800,0.5140540000002147
3919,_,nx,800,9.389215299999705
3919,_,brandes,800,0.5034049999999297
4004,_,nx,800,9.493729199999962
4004,_,brandes,800,0.5199499000000287
3960,_,nx,800,9.389232500000162
3960,_,brandes,800,0.5136695000001055
3897,_,nx,800,9.286844900000233
3897,_,brandes,800,0.4982325999999375
3869,_,nx,800,9.239775399999871
3869,_,brandes,800,0.4938886999998431
3978,_,nx,800,9.315243399999872
3978,_,brandes,800,0.5114203999996789
4044,_,nx,800,9.685599800000091
4044,_,brandes,800,0.5279414999999972
3942,_,nx,800,9.267563299999892
3942,_,brandes,800,0.507307999999739
3990,_,nx,800,9.51400509999985
3990,_,brandes,800,0.5531487999996898
4012,_,nx,800,9.384045400000105
4012,_,brandes,800,0.5225673999998435
4097,_,nx,800,9.716355300000032
4097,_,brandes,800,0.5289450000000215
3976,_,nx,800,9.407932500000243
3976,_,brandes,800,0.561913700000332
3952,_,nx,800,9.323010999999951
3952,_,brandes,800,0.5117424999998548
4024,_,nx,800,9.492863700000271
4024,_,brandes,800,0.5185903999999937
4025,_,nx,800,9.451381899999888
4025,_,brandes,800,0.5145336999999017
3951,_,nx,800,9.409223300000122
3951,_,brandes,800,0.5123143000000709
3950,_,nx,800,9.346942300000137
3950,_,brandes,800,0.5057237000000896
3889,_,nx,800,9.261393900000257
3889,_,brandes,800,0.5106808999998975
4081,_,nx,800,9.748847300000307
4081,_,brandes,800,0.5751626000001124
3982,_,nx,800,9.481760000000122
3982,_,brandes,800,0.5100007999999434
3888,_,nx,800,9.4307160999997
3888,_,brandes,800,0.5006124999999884
3947,_,nx,800,9.238593199999741
3947,_,brandes,800,0.5128289000003861
3956,_,nx,800,9.418462699999964
3956,_,brandes,800,0.5149946999999884
3932,_,nx,800,9.372650400000111
3932,_,brandes,800,0.5054569999997511
4054,_,nx,800,9.561672799999997
4054,_,brandes,800,0.5286917999997058
4150,_,nx,800,9.820110900000145
4150,_,brandes,800,0.5294417000000067
3870,_,nx,800,9.293786700000055
3870,_,brandes,800,0.4967777000001661
4000,_,nx,800,9.412318299999697
4000,_,brandes,800,0.5335463000001255
3954,_,nx,800,9.347137599999769
3954,_,brandes,800,0.5198197999998229
3916,_,nx,800,9.224830299999667
3916,_,brandes,800,0.5068538000000444
3900,_,nx,800,9.316103499999826
3900,_,brandes,800,0.5109246000001804
3991,_,nx,800,9.526671200000237
3991,_,brandes,800,0.5094761999998809
3930,_,nx,800,9.293431399999918
3930,_,brandes,800,0.5057507000001351
3903,_,nx,800,9.298462899999777
3903,_,brandes,800,0.5073240000001533
4015,_,nx,800,9.619908799999848
4015,_,brandes,800,0.514946400000099
4063,_,nx,800,9.811754199999996
4063,_,brandes,800,0.5260395999998764
3991,_,nx,800,9.33918360000007
3991,_,brandes,800,0.5082830999999715
3930,_,nx,800,9.221896000000015
3930,_,brandes,800,0.559030299999904
4040,_,nx,800,9.560775599999943
4040,_,brandes,800,0.5143467000002602
3967,_,nx,800,9.423162499999762
3967,_,brandes,800,0.5083635999999387
4052,_,nx,800,9.665168200000153
4052,_,brandes,800,0.5138960999997835
4048,_,nx,800,9.606127900000047
4048,_,brandes,800,0.566343599999982
4068,_,nx,800,9.669970099999773
4068,_,brandes,800,0.5181861000000936
3966,_,nx,800,9.406383800000185
3966,_,brandes,800,0.5021568999995907
4120,_,nx,800,9.75836500000014
4120,_,brandes,800,0.5348475999999209
4538,_,nx,900,12.632099899999957
4538,_,brandes,900,0.6311470999999074
4573,_,nx,900,12.905823699999928
4573,_,brandes,900,0.6479289999997491
4610,_,nx,900,12.8877837
4610,_,brandes,900,0.6425515000000814
4488,_,nx,900,12.578827899999851
4488,_,brandes,900,0.6381790999998884
4538,_,nx,900,12.747873500000424
4538,_,brandes,900,0.6387707999997474
4576,_,nx,900,12.70441720000008
4576,_,brandes,900,0.6446556999999302
4536,_,nx,900,12.751290900000186
4536,_,brandes,900,0.6334826000002067
4517,_,nx,900,12.802765300000374
4517,_,brandes,900,0.635638100000051
4575,_,nx,900,12.771393399999852
4575,_,brandes,900,0.6384785999998712
4539,_,nx,900,12.654432899999847
4539,_,brandes,900,0.632730199999969
4549,_,nx,900,12.890350399999988
4549,_,brandes,900,0.6356515999996191
4482,_,nx,900,12.553839800000333
4482,_,brandes,900,0.6265506999998252
4608,_,nx,900,12.906083800000033
4608,_,brandes,900,0.6439592000001539
4483,_,nx,900,12.548678499999824
4483,_,brandes,900,0.6862498000000414
4448,_,nx,900,12.545640000000276
4448,_,brandes,900,0.6260650999997779
4500,_,nx,900,12.658155000000079
4500,_,brandes,900,0.6394165000001522
4450,_,nx,899,12.458110900000065
4450,_,brandes,899,0.6281672000000071
4451,_,nx,900,12.698748600000272
4451,_,brandes,900,0.628374000000349
4437,_,nx,900,12.438497499999812
4437,_,brandes,900,0.6169208000001163
4425,_,nx,900,12.42887780000001
4425,_,brandes,900,0.6228063999997175
4558,_,nx,900,12.948828699999922
4558,_,brandes,900,0.6366904999999861
4453,_,nx,899,12.43449869999995
4453,_,brandes,899,0.6513065999997707
4522,_,nx,900,12.63640149999992
4522,_,brandes,900,0.6372768000001088
4470,_,nx,900,12.648462499999823
4470,_,brandes,900,0.6275574999999662
4456,_,nx,900,12.766902899999877
4456,_,brandes,900,0.6236367000001337
4472,_,nx,900,12.515749400000004
4472,_,brandes,900,0.6325965000000906
4541,_,nx,900,13.089134699999704
4541,_,brandes,900,0.6368347999996331
4447,_,nx,900,12.40535490000002
4447,_,brandes,900,0.6230447000002641
4489,_,nx,900,12.480417300000227
4489,_,brandes,900,0.6262190000002192
4508,_,nx,900,12.935021499999948
4508,_,brandes,900,0.6338187999999718
4543,_,nx,900,12.846555400000398
4543,_,brandes,900,0.6442875999996431
4500,_,nx,900,12.651787599999807
4500,_,brandes,900,0.6290962999996736
4529,_,nx,900,12.845118400000047
4529,_,brandes,900,0.6317311000002519
4468,_,nx,900,12.65309490000027
4468,_,brandes,900,0.6279979999999341
4445,_,nx,900,12.456882899999982
4445,_,brandes,900,0.6261966000001848
4410,_,nx,900,12.544271199999912
4410,_,brandes,900,0.6172907000000123
4505,_,nx,900,12.658256300000176
4505,_,brandes,900,0.6331649999997353
4373,_,nx,900,12.18285590000005
4373,_,brandes,900,0.6116455000001224
4452,_,nx,900,12.759504000000106
4452,_,brandes,900,0.635802500000409
4496,_,nx,900,12.625664299999698
4496,_,brandes,900,0.6382370999999694
4435,_,nx,900,12.464928899999904
4435,_,brandes,900,0.6382142999996177
4558,_,nx,900,12.707638100000167
4558,_,brandes,900,0.6933678999998847
4493,_,nx,900,12.690677699999924
4493,_,brandes,900,0.6295030999999653
4438,_,nx,900,12.561997799999972
4438,_,brandes,900,0.6325264999995852
4432,_,nx,900,12.509483700000146
4432,_,brandes,900,0.6215612000000874
4474,_,nx,900,12.602225999999973
4474,_,brandes,900,0.6272109000001365
4617,_,nx,900,12.940504799999871
4617,_,brandes,900,0.6458717999998953
4491,_,nx,900,12.515598299999965
4491,_,brandes,900,0.6781895999997687
4552,_,nx,899,12.868102699999781
4552,_,brandes,899,0.6522539999996297
4428,_,nx,900,12.52497540000013
4428,_,brandes,900,0.6335461999997278
4562,_,nx,900,12.730897200000072
4562,_,brandes,900,0.6405172999998285
4455,_,nx,900,12.694901200000004
4455,_,brandes,900,0.6246221000001242
4545,_,nx,900,12.792811100000108
4545,_,brandes,900,0.6403192000002491
4453,_,nx,900,12.482363400000395
4453,_,brandes,900,0.6229347000003145
4499,_,nx,900,12.721747499999765
4499,_,brandes,900,0.6377618000001348
4401,_,nx,900,12.45932670000002
4401,_,brandes,900,0.6244390000001658
4561,_,nx,900,12.737492599999769
4561,_,brandes,900,0.6661597000002075
4441,_,nx,900,12.629459499999939
4441,_,brandes,900,0.6200840000001335
4475,_,nx,900,12.592370500000015
4475,_,brandes,900,0.6229287999999542
4515,_,nx,900,12.679753299999902
4515,_,brandes,900,0.6288700000000063
4542,_,nx,900,12.935262299999977
4542,_,brandes,900,0.6367994999995972
4522,_,nx,900,12.71983390000014
4522,_,brandes,900,0.6349242000001141
4543,_,nx,900,12.786661000000095
4543,_,brandes,900,0.633931500000017
4437,_,nx,900,12.522204800000054
4437,_,brandes,900,0.6253521999997247
4394,_,nx,900,12.366403100000298
4394,_,brandes,900,0.6168444999998428
4585,_,nx,900,12.922693199999685
4585,_,brandes,900,0.6387670000003709
4494,_,nx,900,12.755899499999941
4494,_,brandes,900,0.6387804999999389
4519,_,nx,900,12.671524499999578
4519,_,brandes,900,0.6299380999998903
4435,_,nx,900,12.510187599999881
4435,_,brandes,900,0.6235913999998957
4482,_,nx,900,12.71152290000009
4482,_,brandes,900,0.6362285000000156
4394,_,nx,900,12.540900299999976
4394,_,brandes,900,0.6179185000005418
4540,_,nx,900,12.742787900000621
4540,_,brandes,900,0.6338685999999143
4508,_,nx,900,12.713942599999427
4508,_,brandes,900,0.6297899999999572
4527,_,nx,900,12.866456599999765
4527,_,brandes,900,0.6349868000006609
4557,_,nx,900,12.793488999999681
4557,_,brandes,900,0.6358999999993102
4452,_,nx,900,12.57461179999973
4452,_,brandes,900,0.625871699999152
4561,_,nx,900,12.868471499999941
4561,_,brandes,900,0.6385821999992913
4567,_,nx,900,12.898765999999341
4567,_,brandes,900,0.6331504999998288
4398,_,nx,900,12.324168500000269
4398,_,brandes,900,0.6726932000001398
4612,_,nx,900,12.994374800000514
4612,_,brandes,900,0.6435677999998006
4415,_,nx,900,12.580934499999785
4415,_,brandes,900,0.6147086000000854
4550,_,nx,900,12.915849099999832
4550,_,brandes,900,0.6414656999995714
4398,_,nx,900,12.482457899999645
4398,_,brandes,900,0.6244863000001715
4495,_,nx,900,12.71923229999993
4495,_,brandes,900,0.6272731999997632
4555,_,nx,900,12.971754099999998
4555,_,brandes,900,0.6482350999995106
4668,_,nx,900,13.132651400000213
4668,_,brandes,900,0.6570207000004302
4401,_,nx,900,12.52187419999973
4401,_,brandes,900,0.6248451000001296
4543,_,nx,900,12.851721400000315
4543,_,brandes,900,0.6908095000007961
4464,_,nx,900,12.616156099999898
4464,_,brandes,900,0.6344211000005089
4462,_,nx,900,12.525928099999874
4462,_,brandes,900,0.631958100000702
4473,_,nx,900,12.528074100000595
4473,_,brandes,900,0.6797168000002785
4450,_,nx,900,12.666140399999676
4450,_,brandes,900,0.7356694000000061
4500,_,nx,900,12.634096099999624
4500,_,brandes,900,0.6367641000006188
4434,_,nx,900,12.56676250000055
4434,_,brandes,900,0.6246107999995729
4560,_,nx,900,12.957338000000163
4560,_,brandes,900,0.6358030000001236
4556,_,nx,900,12.83657729999959
4556,_,brandes,900,0.642254000000321
4456,_,nx,900,12.596339700000499
4456,_,brandes,900,0.6265393000003314
4701,_,nx,900,13.326227900000049
4701,_,brandes,900,0.6554557999997996
4579,_,nx,900,12.940383199999815
4579,_,brandes,900,0.6432427999998254
4497,_,nx,900,12.53460030000042
4497,_,brandes,900,0.6347418999994261
4988,_,nx,1000,16.502365700000155
4988,_,brandes,1000,0.7711586999994324
4845,_,nx,1000,15.728891400000066
4845,_,brandes,1000,0.7419842999997854
4902,_,nx,1000,15.887182099999336
4902,_,brandes,1000,0.7429873999999472
4980,_,nx,1000,16.34883930000069
4980,_,brandes,1000,0.7555615000001126
4906,_,nx,1000,16.072952100000293
4906,_,brandes,1000,0.7452467000002798
5070,_,nx,1000,16.681838599999537
5070,_,brandes,1000,0.7669670000004771
4942,_,nx,999,16.144955200000368
4942,_,brandes,999,0.8159367000007478
5101,_,nx,1000,16.48598849999962
5101,_,brandes,1000,0.7896042000002126
5103,_,nx,1000,16.591373499999463
5103,_,brandes,1000,0.7858292000000802
5068,_,nx,1000,16.720215899999857
5068,_,brandes,1000,0.7728385000000344
4969,_,nx,1000,16.178379300000415
4969,_,brandes,1000,0.7606860000005327
5051,_,nx,1000,16.474265100000594
5051,_,brandes,1000,0.8243294999992941
4920,_,nx,1000,16.17462599999999
4920,_,brandes,1000,0.7578534000003856
5051,_,nx,1000,16.382286099999874
5051,_,brandes,1000,0.7692888999999923
4842,_,nx,1000,15.742499799999678
4842,_,brandes,1000,0.7874081999998452
5042,_,nx,1000,16.437805099999423
5042,_,brandes,1000,0.7935618000001341
4955,_,nx,1000,15.973177300000316
4955,_,brandes,1000,0.7582398999993529
4953,_,nx,1000,16.246399100000417
4953,_,brandes,1000,0.7731576000005589
5029,_,nx,1000,16.563182199999574
5029,_,brandes,1000,0.7765393999998196
5004,_,nx,1000,17.00401420000071
5004,_,brandes,1000,0.7623377999998411
4924,_,nx,1000,16.181947300000502
4924,_,brandes,1000,0.7692897000006269
5013,_,nx,1000,16.515752799999973
5013,_,brandes,1000,0.7698467000000164
5050,_,nx,1000,16.408481200000097
5050,_,brandes,1000,0.7686609000002136
5083,_,nx,1000,16.728301799999826
5083,_,brandes,1000,0.7685574000006454
4940,_,nx,1000,16.02231479999955
4940,_,brandes,1000,0.75248879999981
5027,_,nx,1000,16.660914899999625
5027,_,brandes,1000,0.7704399000003832
5099,_,nx,1000,16.75072850000015
5099,_,brandes,1000,0.7905915999999706
5123,_,nx,999,16.527381799999603
5123,_,brandes,999,0.7968331000001854
5050,_,nx,1000,16.715109300000222
5050,_,brandes,1000,0.7717777999996542
4978,_,nx,1000,16.252637000000504
4978,_,brandes,1000,0.758822699999655
4992,_,nx,999,16.109914099999514
4992,_,brandes,999,0.8134708999996292
4897,_,nx,1000,15.972556599999734
4897,_,brandes,1000,0.7424731000000975
5043,_,nx,1000,16.410334400000465
5043,_,brandes,1000,0.7613486999998713
4971,_,nx,1000,16.15254289999939
4971,_,brandes,1000,0.815759000000071
4967,_,nx,1000,16.33947420000004
4967,_,brandes,1000,0.7548578999994788
5032,_,nx,1000,16.463631200000236
5032,_,brandes,1000,0.7630641999994623
4983,_,nx,1000,16.273966499999915
4983,_,brandes,1000,0.7617614999999205
5011,_,nx,1000,16.479681400000118
5011,_,brandes,1000,0.759774600000128
5037,_,nx,1000,16.431721500000094
5037,_,brandes,1000,0.792546499999844
4974,_,nx,999,16.25066979999974
4974,_,brandes,999,0.7576987000002191
4906,_,nx,1000,16.178076899999724
4906,_,brandes,1000,0.7571025999995982
5032,_,nx,1000,16.389284599999883
5032,_,brandes,1000,0.8149480000001859
5020,_,nx,1000,16.533435600000303
5020,_,brandes,1000,0.7752970999999889
4989,_,nx,1000,16.22520059999988
4989,_,brandes,1000,0.7757487999997466
4958,_,nx,1000,16.3152713999998
4958,_,brandes,1000,0.769500500000504
4991,_,nx,1000,16.272146199999952
4991,_,brandes,1000,0.792950799999744
5121,_,nx,1000,16.679219399999965
5121,_,brandes,1000,0.8209639000006064
5004,_,nx,1000,16.562512499999684
5004,_,brandes,1000,0.7705995999995139
5034,_,nx,1000,16.380108199999995
5034,_,brandes,1000,0.7660917000002883
5111,_,nx,1000,16.643244400000185
5111,_,brandes,1000,0.8294949999999517
4956,_,nx,1000,16.176319199999853
4956,_,brandes,1000,0.7498587000000043
4898,_,nx,1000,16.11019639999995
4898,_,brandes,1000,0.7446598999995331
4995,_,nx,1000,16.374423399999614
4995,_,brandes,1000,0.8173458999999639
4979,_,nx,1000,16.44907609999973
4979,_,brandes,1000,0.7752112999996825
5004,_,nx,1000,16.30664059999981
5004,_,brandes,1000,0.7700488000000405
5057,_,nx,1000,16.692044800000076
5057,_,brandes,1000,0.7679751000005126
5125,_,nx,1000,16.848191199999746
5125,_,brandes,1000,0.7882614999998623
5046,_,nx,1000,16.401320699999815
5046,_,brandes,1000,0.7668960999999399
4979,_,nx,1000,16.298124599999937
4979,_,brandes,1000,0.762148800000432
4885,_,nx,1000,15.966344800000115
4885,_,brandes,1000,0.7524928999991971
5090,_,nx,1000,16.57641649999914
5090,_,brandes,1000,0.7902874000001248
5080,_,nx,1000,16.720987400000013
5080,_,brandes,1000,0.7729749000000083
4924,_,nx,1000,16.280645699999695
4924,_,brandes,1000,0.7657496000001629
4914,_,nx,1000,15.987470899999607
4914,_,brandes,1000,0.7555966999998418
4920,_,nx,1000,16.09879430000001
4920,_,brandes,1000,0.7574154000003546
4999,_,nx,1000,16.3703845
4999,_,brandes,1000,0.7652705000000424
5112,_,nx,1000,16.68837160000021
5112,_,brandes,1000,0.7781775000003108
5003,_,nx,1000,16.47035169999981
5003,_,brandes,1000,0.7636350000002494
4978,_,nx,1000,16.32076920000054
4978,_,brandes,1000,0.7697746000003463
4893,_,nx,1000,16.042270799999642
4893,_,brandes,1000,0.7558530999995128
4941,_,nx,1000,16.27860729999975
4941,_,brandes,1000,0.7530061000006754
4891,_,nx,1000,15.848342899999807
4891,_,brandes,1000,0.7495063999995182
4978,_,nx,1000,16.479419000000235
4978,_,brandes,1000,0.7635153999999602
5129,_,nx,1000,17.033085300000494
5129,_,brandes,1000,0.7806761000001643
4999,_,nx,1000,16.411094499999308
4999,_,brandes,1000,0.759914000000208
5054,_,nx,1000,16.474318599999606
5054,_,brandes,1000,0.7687860000005458
4908,_,nx,1000,16.0213732000002
4908,_,brandes,1000,0.7531787999996595
5057,_,nx,1000,16.70869709999988
5057,_,brandes,1000,0.7775702000008096
4923,_,nx,1000,16.113468900000044
4923,_,brandes,1000,0.7584969999998066
5069,_,nx,1000,16.632147899999836
5069,_,brandes,1000,0.7908944000000702
5059,_,nx,1000,16.686881300000096
5059,_,brandes,1000,0.7731871999994837
4918,_,nx,1000,16.175741000000016
4918,_,brandes,1000,0.7542182000006505
4974,_,nx,1000,16.000508700000864
4974,_,brandes,1000,0.7670827999991161
4896,_,nx,1000,16.198336699999345
4896,_,brandes,1000,0.7487282000001869
4957,_,nx,1000,16.33338840000033
4957,_,brandes,1000,0.7511672000000544
5002,_,nx,1000,16.25762659999964
5002,_,brandes,1000,0.8192975000001752
5048,_,nx,1000,16.54115189999993
5048,_,brandes,1000,0.7658597999998165
5050,_,nx,1000,16.567667599999368
5050,_,brandes,1000,0.7744026999998823
5103,_,nx,1000,16.90226200000052
5103,_,brandes,1000,0.8057521999999153
4975,_,nx,1000,16.31063559999984
4975,_,brandes,1000,0.7637539000006655
4847,_,nx,1000,15.891977100000076
4847,_,brandes,1000,0.7464346999995541
5014,_,nx,1000,16.490112200000112
5014,_,brandes,1000,0.7643969000000652
4974,_,nx,999,16.314166499999374
4974,_,brandes,999,0.7721495000005234
5019,_,nx,1000,16.416529799999807
5019,_,brandes,1000,0.7604133999993792
5042,_,nx,999,16.390286699999706
5042,_,brandes,999,0.777086799999779
4981,_,nx,1000,16.245306400000118
4981,_,brandes,1000,0.7898050000003423
5010,_,nx,1000,16.461118400000487
5010,_,brandes,1000,0.8092515999996976
4975,_,nx,1000,16.358279999999468
4975,_,brandes,1000,0.7640163999994911
5033,_,nx,999,16.45193500000005
5033,_,brandes,999,0.7816751999998814
4891,_,nx,1000,15.90223690000039
4891,_,brandes,1000,0.796778699999777
